<?xml version="1.0" encoding="UTF-8" standalone="yes" ?>
<package id="manifest-0-034-54de-6a79e8">
    <release tarname="binutils-2.32-1-mingw32-bin.tar.xz" />
    <references>
        <sysroot id="sysroot-0-002-a7c6-d7dbb5" />
    </references>
    <manifest>
        <dir path="bin" />
        <file path="bin/nm.exe" />
        <file path="bin/windres.exe" />
        <file path="bin/strip.exe" />
        <file path="bin/c++filt.exe" />
        <file path="bin/gprof.exe" />
        <file path="bin/as.exe" />
        <file path="bin/dllwrap.exe" />
        <file path="bin/ld.exe" />
        <file path="bin/ld.bfd.exe" />
        <file path="bin/objdump.exe" />
        <file path="bin/strings.exe" />
        <file path="bin/dlltool.exe" />
        <file path="bin/size.exe" />
        <file path="bin/windmc.exe" />
        <file path="bin/ar.exe" />
        <file path="bin/readelf.exe" />
        <file path="bin/objcopy.exe" />
        <file path="bin/ranlib.exe" />
        <file path="bin/elfedit.exe" />
        <file path="bin/addr2line.exe" />
        <dir path="mingw32" />
        <dir path="mingw32/lib" />
        <dir path="mingw32/lib/ldscripts" />
        <file path="mingw32/lib/ldscripts/i386pe.xbn" />
        <file path="mingw32/lib/ldscripts/i386pe.x" />
        <file path="mingw32/lib/ldscripts/i386pe.xu" />
        <file path="mingw32/lib/ldscripts/i386pe.xr" />
        <file path="mingw32/lib/ldscripts/i386pe.xa" />
        <file path="mingw32/lib/ldscripts/i386pe.xe" />
        <file path="mingw32/lib/ldscripts/i386pe.xn" />
        <dir path="mingw32/bin" />
        <file path="mingw32/bin/nm.exe" />
        <file path="mingw32/bin/strip.exe" />
        <file path="mingw32/bin/as.exe" />
        <file path="mingw32/bin/ld.exe" />
        <file path="mingw32/bin/ld.bfd.exe" />
        <file path="mingw32/bin/objdump.exe" />
        <file path="mingw32/bin/dlltool.exe" />
        <file path="mingw32/bin/ar.exe" />
        <file path="mingw32/bin/readelf.exe" />
        <file path="mingw32/bin/objcopy.exe" />
        <file path="mingw32/bin/ranlib.exe" />
    </manifest>
</package>
