<?xml version="1.0" encoding="UTF-8" standalone="yes"?>
<software-distribution project="MinGW" home="http://mingw.org" issue="2018122800">

  <!-- File: mingw32-gettext.xml -->

  <package-collection subsystem="mingw32">
    <download-host uri="http://osdn.net/dl/mingw/%F" />

    <!-- ~~~~~~~~~~~~~~~~~~~~~~~~~~~~~~~~~~~~~~~~~~~~~~~~~~~~~~~~~~~~~~~~~~ -->

    <package name="mingw32-gettext" alias="gettext">
      <affiliate group="MinGW Autotools" />
      <description lang="en" title="GNU Internationalization Library and Utilities" >
        <paragraph>GNU gettext provides a set of tools that create a
          framework to help other GNU packages produce multi-lingual
          messages.  In this way, with suitable care a single binary
          application can automatically provide user messages (such as
          `help' text) in the language corresponding to the current
          locale settings.
        </paragraph>
        <paragraph>The gettext package provides utilities that may
          be useful to end-users, allowing interaction with the message
          translation database of other i18n-enabled GNU utilities.  It
          also provides the development libraries, header files, and
          documentation for the gettext system, as well as additional
          utilities useful for maintainers of i18n-enabled applications.
          The *-ext package provides extra documentation, in the form of
          example implementations in many different computer languages.
          The associated libgettextpo package provides the runtime
          libraries needed by the gettext utilities; the associated
          libasprintf package provides the runtime library for the
          asprintf utility library; and finally, the associated libintl
          package provides the runtime component of the internationalization
          library itself.
        </paragraph>
      </description>

      <licence tarname="gettext-%-mingw32-%-lic.tar.%" />
      <source tarname="gettext-%-mingw32-%-src.tar.%" />

      <component class="bin">
        <release tarname="gettext-0.18.3.2-2-mingw32-bin.tar.xz" />
        <requires eq="mingw32-libintl-%-mingw32-%-dll-8.tar" />
        <requires ge="mingw32-libiconv-1.14-*-mingw32-*-dll-2.tar" />
        <requires eq="mingw32-libgcc-*-mingw32-*-dll-1.tar" />
      </component>

      <component class="dll">
        <!-- FIXME: to be removed, sooner rather than later; this
          misnamed package should never have been created in the
          first place!
         -->
        <description lang="en">
          <paragraph>Please DO NOT install this component package!  It is the
            product of faulty packaging, within an obsolete GNU gettext release.
            It now delivers no useful content, (beyond forcing installation of
            the correctly named libiconv-dll package as a dependency); if it has
            been installed, PLEASE first UPGRADE, and then REMOVE IT.
          </paragraph>
        </description>
        <requires ge="mingw32-libintl-%-mingw32-%-dll-8.tar" />
        <release tarname="gettext-0.18.3.2-2-mingw32-dll.tar.xz">
          <download tarname="none" />
        </release>
      </component>

      <component class="doc">
        <release tarname="gettext-0.18.3.2-2-mingw32-doc.tar.xz" />
      </component>

      <component class="lic">
        <release tarname="gettext-0.18.3.2-2-mingw32-lic.tar.xz" />
      </component>

      <component class="info">
        <release tarname="gettext-0.18.3.2-2-mingw32-info.tar.xz" />
      </component>

      <component class="man">
        <release tarname="gettext-0.18.3.2-2-mingw32-man.tar.xz" />
      </component>

      <component class="html">
        <requires eq="gettext-%-mingw32-%-doc.tar" />
        <release tarname="gettext-0.18.3.2-2-mingw32-html.tar.xz" >
          <download tarname="none" />
        </release>
      </component>

      <component class="dev">
        <release tarname="gettext-0.18.3.2-2-mingw32-dev.tar.xz" />
        <requires eq="mingw32-libgcc-*-mingw32-*-dll-1.tar" />
        <requires eq="mingw32-libstdc++-*-mingw32-*-dll-6.tar" />
        <requires eq="mingw32-libgomp-*-mingw32-*-dll-1.tar" />
        <requires eq="mingw32-libexpat-*-mingw32-*-dll-1.tar" />
        <requires ge="mingw32-libiconv-1.14-*-mingw32-*-dll-2.tar" />
        <requires eq="mingw32-libgettextpo-%-mingw32-%-dll-0.tar" />
        <requires eq="mingw32-libintl-%-mingw32-%-dll-8.tar" />
      </component>

      <component class="ext">
        <release tarname="gettext-0.18.3.2-2-mingw32-ext.tar.xz" />
      </component>
    </package>

    <!-- ~~~~~~~~~~~~~~~~~~~~~~~~~~~~~~~~~~~~~~~~~~~~~~~~~~~~~~~~~~~~~~~~~~ -->

    <package name="mingw32-libintl" alias="libintl">
      <affiliate group="MinGW Autotools" />
      <affiliate group="MinGW Standard Libraries" />
      <description lang="en" title="GNU Internationalization Runtime Library" >
        <paragraph>GNU gettext provides a set of tools that create a
          framework to help other GNU packages produce multi-lingual
          messages.  In this way, with suitable care a single binary
          application can automatically provide user messages (such as
          `help' text) in the language corresponding to the current
          locale settings.  libintl is the primary runtime component of
          that framework.
        </paragraph>
        <paragraph>The libintl package provides the runtime component
          of the GNU internationalization library.  The gettext package
          provides utilities that may be useful to end-users, allowing
          interaction with the message translation database of other
          i18n-enabled GNU utilities.  It also provides the development
          libraries, header files, and documentation for the gettext
          system, as well as additional utilities useful for maintainers
          of i18n-enabled applications.  The *-ext package provides extra
          documentation, in the form of example implementations in many
          different computer languages.  The associated libgettextpo package
          provides the runtime libraries needed by the gettext utilities;
          the associated libasprintf package provides the runtime library
          for the asprintf utility library.
        </paragraph>
      </description>

      <licence tarname="gettext-%-mingw32-%-lic.tar.%" />
      <source tarname="gettext-%-mingw32-%-src.tar.%" />

      <component class="dll">
        <requires eq="mingw32-libgcc-*-mingw32-*-dll-1.tar" />
        <requires ge="mingw32-libiconv-1.14-*-mingw32-*-dll-2.tar" />
        <release tarname="libintl-0.18.3.2-2-mingw32-dll-8.tar.xz" />
      </component>
    </package>

    <!-- ~~~~~~~~~~~~~~~~~~~~~~~~~~~~~~~~~~~~~~~~~~~~~~~~~~~~~~~~~~~~~~~~~~ -->

    <package name="mingw32-libgettextpo" alias="libgettextpo">
      <affiliate group="MinGW Autotools" />
      <affiliate group="MinGW Standard Libraries" />
      <description lang="en" title="GNU Internationalization Utility Library" >
        <paragraph>GNU gettext provides a set of tools that create a
          framework to help other GNU packages produce multi-lingual
          messages.  In this way, with suitable care a single binary
          application can automatically provide user messages (such as
          `help' text) in the language corresponding to the current
          locale settings.  libgettextpo provides runtime support for the
          gettext utilities; it is typically not needed by `regular' i18n
          clients of libintl.
        </paragraph>
        <paragraph>The libgettextpo package provides the runtime
          libraries needed by the gettext utilities.  The associated
          gettext package provides utilities that may be useful to
          end-users, allowing interaction with the message translation
          database of other i18n-enabled GNU utilities.  It also provides
          the development libraries, header files, and documentation for
          the gettext system, as well as additional utilities useful for
          maintainers of i18n-enabled applications.  The *-ext package
          provides extra documentation, in the form of example
          implementations in many different computer languages.
          The associated libasprintf package provides the runtime
          library for the asprintf utility library; and finally, the
          associated libintl package provides the runtime component
          of the internationalization library itself.
        </paragraph>
      </description>

      <licence tarname="gettext-%-mingw32-%-lic.tar.%" />
      <source tarname="gettext-%-mingw32-%-src.tar.%" />

      <component class="dll">
        <requires eq="mingw32-libgcc-*-mingw32-*-dll-1.tar" />
        <requires ge="mingw32-libiconv-1.14-*-mingw32-*-dll-2.tar" />
        <requires eq="mingw32-libintl-%-mingw32-%-dll-8.tar" />
        <release tarname="libgettextpo-0.18.3.2-2-mingw32-dll-0.tar.xz" />
      </component>
    </package>

    <!-- ~~~~~~~~~~~~~~~~~~~~~~~~~~~~~~~~~~~~~~~~~~~~~~~~~~~~~~~~~~~~~~~~~~ -->

    <package name="mingw32-libasprintf" alias="libasprintf">
      <affiliate group="MinGW Autotools" />
      <affiliate group="MinGW Standard Libraries" />
      <description lang="en" title="GNU Internationalization Utility Library" >
        <paragraph>GNU gettext provides a set of tools that create a
          framework to help other GNU packages produce multi-lingual
          messages.  In this way, with suitable care a single binary
          application can automatically provide user messages (such as
          `help' text) in the language corresponding to the current
          locale settings.  libasprintf provides an implementation of
          the C formatted output routines suitable for use in C++
          applications, where i18n is a goal.
        </paragraph>
        <paragraph>The libasprintf package provides the runtime
          library for the asprintf utility library.  The associated
          gettext package provides utilities that may be useful to
          end-users, allowing interaction with the message translation
          database of other i18n-enabled GNU utilities.  It also provides
          the development libraries, header files, and documentation for
          the gettext system, as well as additional utilities useful for
          maintainers of i18n-enabled applications.  The *-ext package
          provides extra documentation, in the form of example
          implementations in many different computer languages.  The
          associated libgettextpo package provides the runtime
          libraries needed by the gettext utilities, while the
          associated libintl package provides the runtime component
          of the internationalization library itself.
        </paragraph>
      </description>

      <licence tarname="gettext-%-mingw32-%-lic.tar.%" />
      <source tarname="gettext-%-mingw32-%-src.tar.%" />

      <component class="dll">
        <requires eq="mingw32-libstdc++-*-mingw32-*-dll-6.tar" />
        <requires eq="mingw32-libgcc-*-mingw32-*-dll-1.tar" />
        <release tarname="libasprintf-0.18.3.2-2-mingw32-dll-0.tar.xz" />
      </component>
    </package>

  </package-collection>
</software-distribution>

<!-- vim: set nocompatible expandtab showcmd tabstop=2 shiftwidth=2: -->
<!-- vim: set fileformat=unix textwidth=80: -->
