<?xml version="1.0" encoding="UTF-8" standalone="yes" ?>
<sysroot id="sysroot-0-002-a7c6-d7dbb5" path="%R">
    <installed tarname="mingw-get-0.6.3-mingw32-pre-20170905-1-bin.tar.xz" />
    <installed tarname="mingw-get-0.6.3-mingw32-pre-20170905-1-gui.tar.xz" />
    <installed tarname="mingw-get-0.6.3-mingw32-pre-20170905-1-lic.tar.xz" />
    <installed tarname="libz-1.2.11-1-mingw32-dll-1.tar.xz" />
    <installed tarname="gdb-7.6.1-1-mingw32-bin.tar.lzma">
        <requires eq="mingw32-libz-*-mingw32-dll-1.tar" />
    </installed>
    <installed tarname="libiconv-1.14-4-mingw32-dll-2.tar.xz">
        <requires eq="mingw32-libgcc-*-mingw32-dll-1.tar" />
    </installed>
    <installed tarname="libatomic-9.2.0-2-mingw32-dll-1.tar.xz" />
    <installed tarname="libgcc-9.2.0-2-mingw32-dll-1.tar.xz" />
    <installed tarname="libgmp-6.1.2-3-mingw32-dll-10.tar.xz" />
    <installed tarname="libintl-0.18.3.2-2-mingw32-dll-8.tar.xz">
        <requires eq="mingw32-libgcc-*-mingw32-*-dll-1.tar" />
        <requires ge="mingw32-libiconv-1.14-*-mingw32-*-dll-2.tar" />
    </installed>
    <installed tarname="libmpfr-4.0.2-1-mingw32-dll-6.tar.xz">
        <requires eq="mingw32-libgmp-*-mingw32-dll-10.tar" />
    </installed>
    <installed tarname="wsl-features-20190122-1-mingw32-cfg.tar.xz" />
    <installed tarname="mingwrt-5.4.1-mingw32-dll.tar.xz" />
    <installed tarname="libstdc++-9.2.0-2-mingw32-dll-6.tar.xz" />
    <installed tarname="libquadmath-9.2.0-2-mingw32-dll-0.tar.xz">
        <requires eq="mingw32-libgcc-%-mingw32-dll-1.tar" />
    </installed>
    <installed tarname="libgomp-9.2.0-2-mingw32-dll-1.tar.xz">
        <requires eq="mingw32-libgcc-%-mingw32-dll-1.tar" />
    </installed>
    <installed tarname="libssp-9.2.0-2-mingw32-dll-0.tar.xz" />
    <installed tarname="w32api-5.4.1-mingw32-dev.tar.xz" />
    <installed tarname="mingwrt-5.4.1-mingw32-dev.tar.xz">
        <requires eq="mingwrt-%-mingw32-dll.tar" />
        <requires eq="wsl-features-*-mingw32-cfg.tar" />
    </installed>
    <installed tarname="libmpc-1.1.0-1-mingw32-dll-3.tar.xz">
        <requires ge="mingw32-libmpfr-4.0.2-mingw32-dll-6.tar" />
        <requires ge="mingw32-libgmp-6.1.2-mingw32-dll-10.tar" />
    </installed>
    <installed tarname="binutils-2.32-1-mingw32-bin.tar.xz">
        <requires eq="mingw32-libintl-*-mingw32-*-dll-8.tar" />
    </installed>
    <installed tarname="libisl-0.21-2-mingw32-dll-21.tar.xz">
        <requires eq="mingw32-libgmp-*-mingw32-dll-10.tar" />
        <requires eq="mingw32-libgcc-*-mingw32-dll-1.tar" />
    </installed>
    <installed tarname="gcc-core-9.2.0-2-mingw32-bin.tar.xz">
        <requires ge="binutils-2.31.1-2-mingw32-bin.tar" />
        <requires eq="mingw32-libmpc-*-mingw32-dll-3.tar" />
        <requires eq="mingwrt-*-mingw32-dev.tar" />
        <requires eq="w32api-*-mingw32-dev.tar" />
        <requires eq="mingw32-libssp-%-mingw32-dll-0.tar" />
        <requires eq="mingw32-libgomp-%-mingw32-dll-1.tar" />
        <requires eq="mingw32-libquadmath-%-mingw32-dll-0.tar" />
        <requires eq="mingw32-libstdc++-%-mingw32-dll-6.tar" />
        <requires eq="mingw32-libgcc-%-mingw32-dll-1.tar" />
        <requires eq="libatomic-%-mingw32-dll-1.tar" />
        <requires eq="mingw32-libisl-*-mingw32-dll-21.tar" />
    </installed>
    <installed tarname="gcc-c++-9.2.0-2-mingw32-bin.tar.xz">
        <requires eq="gcc-core-%-mingw32-bin.tar" />
        <requires eq="mingw32-libstdc++-%-mingw32-dll-6.tar" />
    </installed>
    <installed tarname="make-3.82.90-2-mingw32-cvs-20120902-bin.tar.lzma">
        <requires eq="mingw32-libintl-*-mingw32-*-dll-8.tar" />
    </installed>
    <installed tarname="gcc-9.2.0-2-mingw32-lic.tar.xz" />
    <installed tarname="mingw32-base-2013072200-mingw32-bin.meta">
        <download tarname="none" />
        <requires eq="mingw32-gcc-*-mingw32-*-bin.tar" />
        <requires eq="mingw32-gcc-*-mingw32-*-lic.tar" />
        <requires eq="mingw32-make-*-mingw32-*-bin.tar" />
        <requires eq="mingw32-gdb-*-mingw32-*-bin.tar" />
    </installed>
</sysroot>
